{"cameraMode":{"drawMode":0,"name":"Shaded","section":"Shading Mode"},"sceneLighting":false,"audioPlay":false,"sceneViewState":{"showFog":true,"showMaterialUpdate":false,"showSkybox":false,"showFlares":true,"showImageEffects":true,"showParticleSystems":true},"in2DMode":false,"pivot":{"x":0.06003488972783089,"y":2.2783584594726564,"z":-0.6450513601303101},"rotation":{"x":-0.017689216881990434,"y":-0.006503161042928696,"z":-0.00011588168126763776,"w":0.9998316168785095},"size":4.92136287689209,"orthographic":false}